<?xml version="1.0" encoding="UTF-8"?>
<!DOCTYPE mapper PUBLIC "-//mybatis.org//DTD Mapper 3.0//EN" "http://mybatis.org/dtd/mybatis-3-mapper.dtd">
<mapper namespace="cn.gok.mapper.LogMapper">
<resultMap id="BaseResultMap" type="cn.gok.entity.Log">
    <id column="id" property="id" />
    <result column="content" property="content" />
    <result column="time" property="time" />
    <result column="user" property="user" />
    <result column="ip" property="ip" />
  </resultMap>
  <!-- 通用查询结果列 -->
  <sql id="Base_Column_List">
    id,content,time,user,ip
  </sql>

</mapper>
