<?xml version="1.0" encoding="UTF-8"?>
<!DOCTYPE mapper PUBLIC "-//mybatis.org//DTD Mapper 3.0//EN" "http://mybatis.org/dtd/mybatis-3-mapper.dtd">
<mapper namespace="cn.gok.mapper.ServerResourceMapper">
  <resultMap id="BaseResultMap" type="cn.gok.entity.ServerResource">
    <id column="id" property="id" />
    <result column="name" property="name" />
    <result column="ip" property="ip" />
    <result column="state_radio" property="stateRadio" />
    <result column="mark" property="mark" />
    <result column="create_time" property="createTime" />
    <result column="user" property="user" />
  </resultMap>
  <!-- 通用查询结果列 -->
  <sql id="Base_Column_List">
    id,name,ip,state_radio,mark,createtime,user
  </sql>

</mapper>
