<?xml version="1.0" encoding="UTF-8"?>
<!DOCTYPE mapper PUBLIC "-//mybatis.org//DTD Mapper 3.0//EN" "http://mybatis.org/dtd/mybatis-3-mapper.dtd">
<mapper namespace="cn.gok.mapper.UserMapper">
<resultMap id="BaseResultMap" type="cn.gok.entity.User">
    <id column="id" property="id" />
    <result column="username" property="username" />
    <result column="password" property="password" />
    <result column="nick_name" property="nickName" />
    <result column="email" property="email" />
    <result column="phone" property="phone" />
    <result column="avatar" property="avatar" />
    <result column="address" property="address" />
    <result column="age" property="age" />
    <result column="sex" property="sex" />
    <result column="role" property="role" />
    <result column="create_time" property="createTime" />
  </resultMap>
  <!-- 通用查询结果列 -->
  <sql id="Base_Column_List">
    id,username,password,nick_name,email,phone,avatar,address,age,sex,create_time
  </sql>

</mapper>
